<?xml version="1.0" encoding="UTF-8"?>
<!DOCTYPE hibernate-configuration PUBLIC
		"-//Hibernate/Hibernate Configuration DTD 3.0//EN"
		"http://www.hibernate.org/dtd/hibernate-configuration-3.0.dtd">
<hibernate-configuration>
    <session-factory>
        <property name="hibernate.connection.driver_class">com.mysql.jdbc.Driver</property>
        <property name="hibernate.connection.password">root</property>
        <property name="hibernate.connection.url">jdbc:mysql://localhost:3306/raja_spl</property>
        <property name="hibernate.connection.username">root</property>
      
<!-- hibernate config information -->
<property name="dialect">org.hibernate.dialect.MySQL5Dialect</property>
<!-- display the sql query in console -->
<property name="show_sql">true</property>
<!-- generate automically table -->
<property name="hbm2ddl.auto">create</property>
<!-- mapping class properties to table columns -->
<mapping class="com.adam.app.bean.User"/>
<!-- end hibernate config information -->
   
    </session-factory>
</hibernate-configuration>
